AB_School_Number,School_Name,Address,Postal_Code,Phone_Number,Email,Website,Grade_Level_A,Grade_Level_B,Grade_Level_C,Fench_Immersion,Spanish_Bilingual,Latitude,Longitude,School_Type
7104,Athlone,12940 129 Street NW,T5L1J3,7804555823,athlone@epsb.ca,http://athlone.epsb.ca,Elementary,,,FALSE,FALSE,53.5880711,-113.5442717,Public
7723,Learning Store at Circle Square,#2014 Northgate Centre 9499 - 137 Avenue NW,T5E6K9,7804573467,learningstorecirclesquare@epsb.ca,http://outreach.epsb.ca,Special,,,FALSE,FALSE,53.5977388,-113.4887991,Public
7704,Braemar,9359 67A Street NW,T6B1R7,7804683000,braemar@epsb.ca,http://braemar.epsb.ca,Junior,Senior,,FALSE,FALSE,53.530954,-113.4314571,Public
7127,Gold Bar,10524 46 Street NW,T6A1Y3,7804664116,goldbar@epsb.ca,http://goldbar.epsb.ca,Elementary,,,FALSE,FALSE,53.5491929,-113.4127979,Public
7569,Winterburn,9527 Winterburn Road NW,T5T5X9,7804473566,winterburn@epsb.ca,http://winterburn.epsb.ca,Elementary,Junior,,FALSE,FALSE,53.5337845,-113.6889359,Public
386,Learning Store on Whyte,10007 82 Avenue NW,T6E1Z2,7804378119,learningstorewhyte@epsb.ca,http://outreach.epsb.ca,Special,,,FALSE,FALSE,53.5180095,-113.4888771,Public
7570,T. D. Baker,1750 Mill Woods Road East NW,T6L5C5,7804625496,tdbaker@epsb.ca,http://tdbaker.epsb.ca,Junior,,,FALSE,FALSE,53.447439,-113.405997,Public
7535,Rosslyn,13215 113A Street NW,T5E5B9,7804531576,rosslyn@epsb.ca,http://rosslyn.epsb.ca,Junior,,,FALSE,FALSE,53.5923631,-113.5164502,Public
484,amiskwaciy Academy,101 Airport Road NW,T5G3K2,7804241270,amiskwaciy@epsb.ca,http://amiskwaciy.epsb.ca,Junior,Senior,,FALSE,FALSE,53.5688308,-113.5213551,Public
7273,Fraser,14904 21 Street NW,T5Y2L6,7804720131,fraser@epsb.ca,http://fraser.epsb.ca,Elementary,,,FALSE,FALSE,53.6119953,-113.3720321,Public
7550,Avalon,5425 114 Street NW,T6H3M1,7804348402,avalon@epsb.ca,http://avalon.epsb.ca,Junior,,,TRUE,FALSE,53.4914825,-113.5246031,Public
7563,Dan Knott,1434 80 Street NW,T6K2C6,7804627954,danknott@epsb.ca,http://danknott.epsb.ca,Junior,,,FALSE,FALSE,53.4456108,-113.4534994,Public
7278,Earl Buxton,250 Rhatigan Road East NW,T6R2H7,7804351577,earlbuxton@epsb.ca,http://earlbuxton.epsb.ca,Elementary,,,FALSE,FALSE,53.4742979,-113.5817772,Public
7572,Mary Butterworth,16315 109 Street NW,T5X2R2,7804761480,mbutterworth@epsb.ca,http://marybutterworth.epsb.ca,Junior,,,FALSE,FALSE,53.6243208,-113.5079715,Public
349,Argyll Centre,6859 100 Avenue NW,T6A0G3,7804651299,agryll@epsb.ca,http://argyll.epsb.ca,Elementary,Junior,Senior,FALSE,FALSE,53.53995018,-113.4345284,Public
7905,Edmonton Christian High,14304 109 Avenue NW,T5N1H6,7804087945,ecshs@epsb.ca,http://www.edmchristian.org,Senior,,,FALSE,FALSE,53.554182,-113.5677222,Public
7058,McNally,8440 105 Avenue NW,T6A1B6,7804690442,mcnally@epsb.ca,http://mcnallyhigh.com,Senior,,,FALSE,FALSE,53.547963,-113.4574349,Public
7223,Malcolm Tweddle,2340 Millbourne Road West NW,T6K1Y9,7804623270,mtweddle@epsb.ca,http://malcolmtweddle.epsb.ca,Elementary,,,FALSE,FALSE,53.4773755,-113.4582347,Public
7267,LaPerle,18715 97A Avenue NW,T5T4C1,7804831864,laperle@epsb.ca,http://laperle.epsb.ca,Elementary,,,FALSE,FALSE,53.5336337,-113.6454473,Public
7177,Virginia Park,7324 109 Avenue NW,T5B0A1,7804778152,virgina@epsb.ca,http://virginiapark.epsb.ca,Elementary,,,FALSE,FALSE,53.5597662,-113.4495829,Public
1003,Jackson Heights,311 Jackson Road NW,T6L7H2,7804659797,jacksonheights@epsb.ca,http://jacksonheights.epsb.ca,Elementary,,,FALSE,FALSE,53.4840336,-113.4089927,Public
7251,Sakaw,5730 11A Avenue NW,T6L3A9,7804631854,sakaw@epsb.ca,http://sakaw.epsb.ca,Elementary,,,FALSE,FALSE,53.4404716,-113.4278982,Public
7260,Centennial,17420 57 Avenue NW,T6M1K4,7804815590,centennial@epsb.ca,http://centennial.epsb.ca,Elementary,,,FALSE,FALSE,53.4929404,-113.62353,Public
7909,Millwoods Christian,8704 Mill Woods Road NW,T6K3J3,7804622627,millwoodschristian@epsb.ca,http://millwoodschristian.epsb.ca,Elementary,Junior,Senior,FALSE,FALSE,53.467756,-113.408395,Public
7249,Meyonohk,1850 Lakewood Road South NW,T6K3Y5,7804637627,meyonohk@epsb.ca,http://meyonohk.epsb.ca,Elementary,,,FALSE,FALSE,53.4544193,-113.4549592,Public
7523,McKernan,11330 76 Avenue NW,T6G0K1,7804354163,mckernan@epsb.ca,http://mckernan.epsb.ca,Elementary,Junior,,TRUE,FALSE,53.5122618,-113.5238312,Public
7178,Greenfield,3735 114 Street NW,T6J2G6,7804348581,greenfield@epsb.ca,http://greenfield.epsb.ca,Elementary,,,TRUE,FALSE,53.4736432,-113.5271172,Public
7141,Lauderdale,10610 129 Avenue NW,T5E4V6,7804758737,lauderdale@epsb.ca,http://lauderdale.epsb.ca,Elementary,,,FALSE,FALSE,53.5874492,-113.5024966,Public
1282,Edmonton Christian Northeast,5940 159 Avenue NW,T5Y0J5,7804087942,ecsne@epsb.ca,http://www.edmchristian.org,Elementary,Junior,,FALSE,FALSE,53.6199408,-113.4329669,Public
1458,A. Blair McPherson,430 Tamarack Green NW,T6T0J4,7804684361,ablairmcpherson@epsb.ca,http://ablairmcpherson.epsb.ca,Elementary,Junior,,FALSE,FALSE,53.469872,-113.362193,Public
7522,D. S. MacKenzie,4020 106 Street NW,T6J1A6,7804389103,dsmackenzie@epsb.ca,http://dsmackenzie.epsb.ca,Junior,,,FALSE,FALSE,53.4759807,-113.5050572,Public
7107,Belgravia,11605 74 Avenue NW,T6G0G1,7804355560,belgravia@epsb.ca,http://belgravia.epsb.ca,Elementary,,,FALSE,FALSE,53.5103506,-113.5314501,Public
7161,Prince Charles,12325 127 Street NW,T5L0Z9,7804555533,pcharles@epsb.ca,http://princecharles.epsb.ca,Elementary,,,FALSE,FALSE,53.5781521,-113.5411811,Public
7574,Kate Chegwin,3119 48 Street NW,T6L6P5,7804690470,kchegwin@epsb.ca,http://katechegwin.epsb.ca,Junior,,,FALSE,FALSE,53.4623067,-113.416127,Public
7218,Duggan,10616 36A Avenue NW,T6J0C9,7804340319,duggan@epsb.ca,http://duggan.epsb.ca,Elementary,,,FALSE,FALSE,53.4712145,-113.5059641,Public
7277,Lago Lindo,17303 95 Street NW,T5Z2Z1,7804566980,lagolindo@epsb.ca,http://lagolindo.epsb.ca,Elementary,,,FALSE,FALSE,53.6355988,-113.4880804,Public
7240,Homesteader,4455 128 Avenue NW,T5A3M9,7804781139,homestead@epsb.ca,http://homesteader.epsb.ca,Elementary,,,FALSE,FALSE,53.5879335,-113.4105264,Public
7225,Caernarvon,14820 118 Street NW,T5X1T4,7804567020,caernarvon@epsb.ca,http://caernarvon.epsb.ca,Elementary,,,FALSE,FALSE,53.6104152,-113.5258527,Public
7118,Delton,12126 89 Street NW,T5B3W4,7804778742,delton@epsb.ca,http://delton.epsb.ca,Elementary,,,FALSE,FALSE,53.5755604,-113.4779914,Public
7250,Greenview,5904 38 Avenue NW,T6L3P5,7804620660,greenview@epsb.ca,http://greenview.epsb.ca,Elementary,,,TRUE,FALSE,53.4737107,-113.42932,Public
7561,Edith Rogers,8308 Mill Woods Road NW,T6K1Y7,7804623310,edithrogers@epsb.ca,http://edithrogers.epsb.ca,Junior,,,FALSE,FALSE,53.47427,-113.45618,Public
7259,Menisa,933 Knottwood Road South NW,T6K3Y9,7804638474,menisa@epsb.ca,http://menisa.epsb.ca,Elementary,,,FALSE,FALSE,53.4423216,-113.4488849,Public
7149,Mee-Yah-Noh,9228 128A Avenue NW,T5E0J8,7804751929,meeyahnoh@epsb.ca,http://meeyahnoh.epsb.ca,Elementary,,,FALSE,FALSE,53.5869687,-113.4830968,Public
7211,Rio Terrace,7608 154 Street NW,T5R1R7,7804816866,rioterrace@epsb.ca,http://rioterrace.epsb.ca,Elementary,,,TRUE,FALSE,53.5095695,-113.5858998,Public
7192,Afton,16604 91 Avenue NW,T5R5A4,7804843263,afton@epsb.ca,http://afton.epsb.ca,Elementary,,,FALSE,FALSE,53.5261309,-113.6074899,Public
7196,Rundle,11005 34 Street NW,T5W1Y7,7804716100,rundle@epsb.ca,http://rundle.epsb.ca,Elementary,,,FALSE,FALSE,53.5632327,-113.3936905,Public
7090,Metro Continuing Education,8205 90 Avenue NW,T6C1N8,7804281111,metro@epsb.ca,http://metrocontinuingeducation.ca,Senior,,,FALSE,FALSE,53.5251649,-113.4550876,Public
7519,Lawton,11602 40 Street NW,T5W2K6,7804711052,lawton@epsb.ca,http://lawton.epsb.ca,Junior,,,FALSE,FALSE,53.5686201,-113.4030494,Public
7269,Lymburn,18710 72 Avenue NW,T5T4E9,7804871777,lymburn@epsb.ca,http://lymburn.epsb.ca,Elementary,,,FALSE,FALSE,53.5053095,-113.6467411,Public
1022,Learning Store West Edmonton,9532 163 St NW,T5P 3M7,7804438072,learningstorewestedmonton@epsb.ca,http://outreach.epsb.ca,Special,,,FALSE,FALSE,53.532582,-113.6027674,Public
7276,Bisset,3020 37 Street NW,T6L5X1,7804506536,bisset@epsb.ca,http://bisset.epsb.ca,Elementary,,,FALSE,FALSE,53.4603826,-113.398001,Public
7722,Learning Store Northgate,#2014 Northgate Centre 9499 - 137 Avenue NW,T5E6K9,7804573467,learningstorenorthgate@epsb.ca,http://outreach.epsb.ca,Special,,,FALSE,FALSE,53.5977388,-113.4887991,Public
7209,Mayfield,10950 159 Street NW,T5P3C1,7804895100,mayfield@epsb.ca,http://mayfield.epsb.ca,Elementary,,,FALSE,FALSE,53.5548148,-113.5944449,Public
7126,Glenora,13520 102 Avenue NW,T5N0N7,7804524740,glenora@epsb.ca,http://glenora.epsb.ca,Elementary,,,FALSE,FALSE,53.543068,-113.5554184,Public
1456,Dr. Donald Massey,5435 162 Avenue NW,T5Y0E8,7804575435,donaldmassey@epsb.ca,http://donaldmassey.epsb.ca,Elementary,Junior,,FALSE,FALSE,53.6236682,-113.4220116,Public
1577,Bessie Nichols,189 Hemingway Road NW,T6M2Z7,7804441922,bessienichols@epsb.ca,http://bessienichols.epsb.ca,Elementary,Junior,,FALSE,FALSE,53.4870968,-113.6717167,Public
7702,L. Y. Cairns,10510 45 Avenue NW,T6H0A1,7804349561,lycairns@epsb.ca,http://lycairns.epsb.ca,Junior,Senior,,FALSE,FALSE,53.4829729,-113.4989897,Public
7121,Dovercourt,13910 122 Avenue NW,T5L2W3,7804556171,dovercourt@epsb.ca,http://dovercourt.epsb.ca,Elementary,,,FALSE,FALSE,53.5733168,-113.5613362,Public
7772,Tevie Miller Heritage,6240 113 Street NW,T6H3L2,7804360465,heritage@epsb.ca,http://teviemillerheritage.epsb.ca,Special,,,FALSE,FALSE,53.5009217,-113.5234108,Public
7063,M. E. LaZerte,6804 144 Avenue NW,T5C3C7,7804089800,melazerte@epsb.ca,http://melazerte.com,Senior,,,FALSE,FALSE,53.6050612,-113.4467016,Public
7247,Baturyn,10603 172 Avenue NW,T5X4X4,7804566727,baturyn@epsb.ca,http://baturyn.epsb.ca,Elementary,,,FALSE,FALSE,53.6334221,-113.506254,Public
7164,Queen Alexandra,7730 106 Street NW,T6E4W3,7804392516,queenalexandra@epsb.ca,http://queenalexandra.epsb.ca,Elementary,,,FALSE,FALSE,53.5133161,-113.5036011,Public
7194,Delwood,7315 Delwood Road NW,T5C3A9,7804763969,delwood@epsb.ca,http://delwood.epsb.ca,Elementary,,,TRUE,FALSE,53.5968164,-113.4541595,Public
7513,Highlands,11509 62 Street NW,T5W4C2,7804794206,highlands@epsb.ca,http://highlands.epsb.ca,Junior,,,FALSE,FALSE,53.5696606,-113.4359667,Public
7153,Mount Royal,11303 55 Street NW,T5W3P6,7804778202,mountroyal@epsb.ca,http://mountroyalvirginiapark.epsb.ca,Elementary,,,FALSE,FALSE,53.5688605,-113.4261183,Public
7246,Dunluce,11735 162 Avenue NW,T5X4M6,7804569080,dunluce@epsb.ca,http://dunluce.epsb.ca,Elementary,,,TRUE,FALSE,53.622764,-113.5268285,Public
7189,Waverley,6825 89 Avenue NW,T6B0N3,7804696682,waverley@epsb.ca,http://waverley.epsb.ca,Elementary,,,FALSE,FALSE,53.5242543,-113.4325504,Public
7236,Belmead,9011 182 Street NW,T5T2Y9,7804813314,belmead@epsb.ca,http://belmead.epsb.ca,Elementary,,,FALSE,FALSE,53.5251094,-113.6386863,Public
7501,Avonmore,7835 76 Avenue NW,T6C2N1,7804662976,avonmore@epsb.ca,http://avonmore.epsb.ca,Elementary,Junior,,FALSE,FALSE,53.5122551,-113.4492842,Public
7146,Brookside,5504 143 Street NW,T6H4E5,7804340464,brookside@epsb.ca,http://brookside.epsb.ca,Elementary,,,FALSE,FALSE,53.4932262,-113.5667897,Public
7543,Westminster,13712 104 Avenue NW,T5N0W4,7804524343,westminster@epsb.ca,http://westminster.epsb.ca,Junior,,,FALSE,FALSE,53.5462143,-113.5580889,Public
7109,Belvedere,13359 62 Street NW,T5A0V5,7804762022,belvedere@epsb.ca,http://belvedere.epsb.ca,Elementary,,,FALSE,FALSE,53.5948093,-113.4366618,Public
7545,Westlawn,9520 165 Street NW,T5P3S4,7804843456,westlawn@epsb.ca,http://westlawn.epsb.ca,Junior,,,FALSE,FALSE,53.5319061,-113.6072838,Public
1459,Elizabeth Finch,13815 160 Avenue NW,T6V0C9,7804572022,elizabethfinch@epsb.ca,http://elizabethfinch.epsb.ca,Elementary,Junior,,FALSE,FALSE,53.621328,-113.555632,Public
7274,Minchau,3615 Mill Woods Road East NW,T6L5X2,7804610616,minchau@epsb.ca,http://minchau.epsb.ca,Elementary,,,FALSE,FALSE,53.469572,-113.361796,Public
7233,Ekota,1395 Knottwood Road East NW,T6K2P5,7804625112,ekota@epsb.ca,http://ekota.epsb.ca,Elementary,,,FALSE,FALSE,53.4478399,-113.4410639,Public
7262,Kirkness,610 Kirkness Road NW,T5Y2K4,7804735924,kirkness@epsb.ca,http://kirkness.epsb.ca,Elementary,,,FALSE,FALSE,53.6107187,-113.3867388,Public
7557,Vernon Barford,32 Fairway Drive NW,T6J2C1,7804132211,vbarford@epsb.ca,http://vbarford.epsb.ca,Junior,,,FALSE,FALSE,53.472987,-113.5428421,Public
7552,Hillcrest,16400 80 Avenue NW,T5R3M6,7804892516,hillcrest@epsb.ca,http://hillcrest.epsb.ca,Junior,,,FALSE,FALSE,53.5137568,-113.6060044,Public
7537,Spruce Avenue,11424 102 Street NW,T5G2E7,7804790155,spruceave@epsb.ca,http://spruceavenue.epsb.ca,Elementary,Junior,,FALSE,FALSE,53.5657191,-113.4955783,Public
7226,Brander Gardens,14865 56 Avenue NW,T6H5G2,7804366740,brander@epsb.ca,http://brandergardens.epsb.ca,Elementary,,,TRUE,FALSE,53.493484,-113.577079,Public
7248,Ormsby,6323 184 Street NW,T5T3K1,7804814646,ormsby@epsb.ca,http://ormsby.epsb.ca,Elementary,,,,,53.4979542,-113.6396861,Public
7265,Weinlos,2911 48 Street NW,T6L5T7,7804625261,weinlos@epsb.ca,http://weinlos.epsb.ca,Elementary,,,FALSE,FALSE,53.4608956,-113.4167565,Public
7123,Forest Heights,10304 81 Street NW,T6A3X4,7804660312,forest@epsb.ca,http://forestheights.epsb.ca,Elementary,,,FALSE,FALSE,53.5460705,-113.4525005,Public
7255,Hillview,355 Woodvale Road East NW,T6L5C3,7804638108,hillview@epsb.ca,http://hillview.epsb.ca,Elementary,,,FALSE,FALSE,53.4682397,-113.4251154,Public
7281,Michael A. Kostek,5303 190 Street NW,T6M2L2,7804897277,makostek@epsb.ca,http://makostek.epsb.ca,Elementary,,,FALSE,FALSE,53.4896687,-113.6513786,Public
7229,Overlanders,1150 Hermitage Road NW,T5A4L4,7804763361,overlanders@epsb.ca,http://overlanders.epsb.ca,Elementary,,,FALSE,FALSE,53.5809338,-113.3893858,Public
7182,Windsor Park,8720 118 Street NW,T6G1T5,7804333924,windsor@epsb.ca,http://windsorpark.epsb.ca,Elementary,,,FALSE,FALSE,53.5243105,-113.534317,Public
7516,Killarney,13110 91 Street NW,T5E3P6,7804751737,killarney@epsb.ca,http://killarney.epsb.ca,Junior,,,FALSE,FALSE,53.5908711,-113.4812752,Public
7200,McLeod,14807 59 Street NW,T5A1Y3,7804782927,mcleod@epsb.ca,http://mcleod.epsb.ca,Elementary,,,FALSE,FALSE,53.6105456,-113.4319221,Public
7204,Elmwood,16325 83 Avenue NW,T5R3V8,7804896749,elmwood@epsb.ca,http://elmwood.epsb.ca,Elementary,,,FALSE,FALSE,53.5168424,-113.6045737,Public
7237,Callingwood,17335 76 Avenue NW,T5T2B1,7804870727,callingwood@epsb.ca,http://callingwood.epsb.ca,Elementary,,,FALSE,FALSE,53.5091213,-113.6229649,Public
7184,Glengarry,9211 135 Avenue NW,T5E1N7,7804765373,glengarry@epsb.ca,http://glengarry.epsb.ca,Elementary,,,FALSE,FALSE,53.596778,-113.4852122,Public
7224,Lee Ridge,440 Millbourne Road East NW,T6K1Y8,7804623230,leeridge@epsb.ca,http://leeridge.epsb.ca,Elementary,,,FALSE,FALSE,53.4710969,-113.4438084,Public
7137,Kensington,13410 119 Street NW,T5E5N1,7804551836,kensington@epsb.ca,http://kensington.epsb.ca,Elementary,,,FALSE,FALSE,53.5950887,-113.5268502,Public
1455,Johnny Bright,1331 Rutherford Road SW,T6W1P4,7804371341,johnnybright@epsb.ca,http://johnnybright.epsb.ca,Elementary,Junior,,FALSE,FALSE,53.4191422,-113.536314,Public
7066,Old Scona,10523 84 Avenue NW,T6E2H5,7804330627,oldscona@epsb.ca,http://oldscona.epsb.ca,Senior,,,FALSE,FALSE,53.5200347,-113.5011332,Public
7504,Brightview,15425 106 Avenue NW,T5P0W3,7804846631,brightview@epsb.ca,http://brightview.epsb.ca,Elementary,,,FALSE,FALSE,53.5494993,-113.5872841,Public
7197,Westbrook,11915 40 Avenue NW,T6J0S1,7804384200,westbrook@epsb.ca,http://westbrook.epsb.ca,Elementary,,,FALSE,FALSE,53.4763428,-113.5398337,Public
7534,Londonderry,7104 144 Avenue NW,T5C2R4,7804734560,londonderry@epsb.ca,http://londonderry.epsb.ca,Junior,,,FALSE,FALSE,53.6056976,-113.4497791,Public
7186,Malmo,4716 115 Street NW,T6H3N8,7804341362,malmo@epsb.ca,http://malmo.epsb.ca,Elementary,,,FALSE,FALSE,53.4847916,-113.5288214,Public
7054,Strathcona,10450 72 Avenue NW,T6E0Z6,7804393957,strathcona@epsb.ca,http://strathconaschool.ca,Senior,,,FALSE,FALSE,53.5083781,-113.5015177,Public
7210,Meadowlark,9150 160 Street NW,T5R2J2,7804895200,meadowlark@epsb.ca,http://meadowlark.epsb.ca,Elementary,,,FALSE,FALSE,53.5258217,-113.5946337,Public
7280,Velma E. Baker,2845 43A Avenue NW,T6T1J9,7804404088,vebaker@epsb.ca,http://velmaebaker.epsb.ca,Elementary,,,FALSE,FALSE,53.4801759,-113.3878124,Public
7514,Holyrood,7920 94 Avenue NW,T6C1W5,7804662292,holyrood@epsb.ca,http://holyrood.epsb.ca,Elementary,,,TRUE,FALSE,53.530498,-113.448682,Public
7214,John Barnett,14840 72 Street NW,T5C3E5,7804781351,jbarnett@epsb.ca,http://johnbarnett.epsb.ca,Elementary,,,FALSE,FALSE,53.6096121,-113.4491042,Public
7216,Thorncliffe,8215 175 Street NW,T5T0G9,7804872061,thorncliffe@epsb.ca,http://thorncliffe.epsb.ca,Elementary,,,FALSE,FALSE,53.5156687,-113.6232272,Public
1283,Edmonton Christian West,14345 McQueen Road NW,T5N3L5,7804087948,ecswest@epsb.ca,http://www.edmchristian.org,Elementary,Junior,,FALSE,FALSE,53.5562144,-113.5668353,Public
1578,Michael Strembitsky,4110 Savaryn Drive SW,T6X0Z5,7803923500,michaelstrembitsky@epsb.ca,http://michaelstrembitsky.epsb.ca,Elementary,Junior,,FALSE,FALSE,53.4137181,-113.4616832,Public
7517,King Edward,8530 101 Street NW,T6E3Z5,7804392491,kingedward@epsb.ca,http://kingedward.epsb.ca,Elementary,,,FALSE,FALSE,53.5212285,-113.491287,Public
7228,Belmont,3310 132A Avenue NW,T5A3T1,7804769590,belmont@epsb.ca,http://belmont.epsb.ca,Elementary,,,FALSE,FALSE,53.5928479,-113.3931517,Public
7500,Allendale,6415 106 Street NW,T6H2V5,7804346756,allendale@epsb.ca,http://allendale.epsb.ca,Junior,,,FALSE,FALSE,53.5012046,-113.5043896,Public
7503,Crestwood,9735 144 Street NW,T5N2T3,7804524525,crestwood@epsb.ca,http://crestwood.epsb.ca,Elementary,Junior,,FALSE,FALSE,53.5333071,-113.5708464,Public
7180,Lansdowne,12323 51 Avenue NW,T6H0M6,7804343160,lansdowne@epsb.ca,http://lansdowne.epsb.ca,Elementary,,,FALSE,FALSE,53.4881726,-113.5437449,Public
7150,Mill Creek,9735 80 Avenue NW,T6E1S8,7804335746,millcreek@epsb.ca,http://millcreek.epsb.ca,Elementary,,,FALSE,FALSE,53.5160974,-113.480806,Public
7553,Stratford,8715 153 Street NW,T5R1P1,7804843381,stratford@epsb.ca,http://stratford.epsb.ca,Elementary,Junior,,FALSE,FALSE,53.5210242,-113.5850331,Public
7257,Meyokumin,5703 19A Avenue NW,T6L4J8,7804638409,meyokumin@epsb.ca,http://meyokumin.epsb.ca,Elementary,,,FALSE,FALSE,53.4506982,-113.428163,Public
7188,J. A. Fife,15004 76 Street NW,T5C1C2,7804760775,jafife@epsb.ca,http://jafife.epsb.ca,Elementary,,,TRUE,FALSE,53.6119509,-113.4602053,Public
7143,McArthur,13535 134 Street NW,T5L1W3,7804552728,mcarthur@epsb.ca,http://mcarthur.epsb.ca,Elementary,,,FALSE,FALSE,53.5968849,-113.5519157,Public
7132,Hazeldean,6715 97 Street NW,T6E3J9,7804337583,hazeldean@epsb.ca,http://hazeldean.epsb.ca,Elementary,,,FALSE,FALSE,53.5040451,-113.4794594,Public
7234,Aldergrove,8525 182 Street NW,T5T1X1,7804875182,aldergrove@epsb.ca,http://aldergrove.epsb.ca,Elementary,,,FALSE,FALSE,53.519264,-113.6369477,Public
7136,Inglewood,11515 127 Street NW,T5M0V4,7804554673,inglewood@epsb.ca,http://inglewood.epsb.ca,Elementary,,,FALSE,FALSE,53.5655009,-113.5411485,Public
7191,Northmount,14020 88A Street NW,T5E3J4,7804755162,northmount@epsb.ca,http://northmount.epsb.ca,Elementary,,,FALSE,FALSE,53.6031395,-113.4761547,Public
7138,Kildare,7525 144 Avenue NW,T5C2R8,7804765675,kildare@epsb.ca,http://kildare.epsb.ca,Elementary,,,FALSE,FALSE,53.6068494,-113.4570176,Public
7215,Evansdale,9303 150 Avenue NW,T5E2N7,7804763331,evansdale@epsb.ca,http://evansdale.epsb.ca,Elementary,,,FALSE,FALSE,53.6110192,-113.4835866,Public
7055,Victoria,10210 108 Avenue NW,T5H1A8,7804263010,victoria@epsb.ca,http://victoria-school.ca,Elementary,Junior,Senior,FALSE,FALSE,53.5530222,-113.4957662,Public
7115,Coronation,10925 139 Street NW,T5M1P8,7804552008,coronation@epsb.ca,http://coronation.epsb.ca,Elementary,,,FALSE,FALSE,53.5552858,-113.5613474,Public
1004,George P. Nicholson,1120 113 Street NW,T6J7J4,7804399314,georgepnicholson@epsb.ca,http://georgepnicholson.epsb.ca,Elementary,,,FALSE,FALSE,53.4424401,-113.5247775,Public
7528,Ottewell,9435 73 Street NW,T6B2A9,7804667331,ottewell@epsb.ca,http://ottewell.epsb.ca,Junior,,,FALSE,FALSE,53.5317306,-113.4398956,Public
7106,Beacon Heights,4610 121 Avenue NW,T5W1M8,7804794038,beacon@epsb.ca,http://beaconheights.epsb.ca,Elementary,,,FALSE,FALSE,53.5751004,-113.4114756,Public
7502,Balwin,7055 132 Avenue NW,T5C2A7,7804753646,balwin@epsb.ca,http://balwin.epsb.ca,Elementary,Junior,,FALSE,FALSE,53.592245,-113.4506246,Public
7518,Laurier Heights,8210 142 Street NW,T5R0L9,7804835352,laurierheights@epsb.ca,http://laurierheights.epsb.ca,Elementary,Junior,,TRUE,FALSE,53.5165591,-113.5657127,Public
7538,Riverbend,14820 53 Avenue NW,T6H4C6,7804347914,riverbend@epsb.ca,http://riverbend.epsb.ca,Junior,,,FALSE,FALSE,53.4904341,-113.5759613,Public
7100,Abbott,12045 34 Street NW,T5W1Z5,7804777310,abbott@epsb.ca,http://abbott.epsb.ca,Elementary,,,FALSE,FALSE,53.5746074,-113.3936641,Public
7253,Bannerman,14112 23 Street NW,T5Y2B9,7804787706,bannerman@epsb.ca,http://bannerman.epsb.ca,Elementary,Junior,,FALSE,FALSE,53.6047928,-113.3778348,Public
7176,Patricia Heights,16216 78 Avenue NW,T5R3E6,7804870550,patriciaheights@epsb.ca,http://patheights.epsb.ca,Elementary,,,FALSE,FALSE,53.5105316,-113.6035049,Public
7201,Richard Secord,4025 117 Street NW,T6J1T4,7804369839,richardsecord@epsb.ca,http://richardsecord.epsb.ca,Elementary,,,TRUE,FALSE,53.4769991,-113.535137,Public
7207,James Gibbons - Stratford,8945 153 Street NW,T5R1P1,7804898020,jgibbons@epsb.ca,http://jgibbons.epsb.ca,Elementary,,,FALSE,FALSE,53.5227288,-113.5850545,Public
7532,Steele Heights,14607 59 Street NW,T5A1Y3,7804785319,steele@epsb.ca,http://steeleht.epsb.ca,Junior,,,FALSE,FALSE,53.609352,-113.4319263,Public
7213,Youngstown,10330 163 Street NW,T5P3N5,7804894600,youngstown@epsb.ca,http://youngstown.epsb.ca,Elementary,,,FALSE,FALSE,53.5453648,-113.602657,Public
7050,Vimy Ridge Academy,8205 90 Avenue NW,T6C1N8,7804655461,vimyridge@epsb.ca,http://vimyridge.epsb.ca,Junior,Senior,,FALSE,FALSE,53.5251649,-113.4550876,Public
7156,Norwood,9520 111 Avenue NW,T5G0A6,7804771002,norwood@epsb.ca,http://norwood.epsb.ca,Elementary,,,FALSE,FALSE,53.559709,-113.4880879,Public
7057,W. P. Wagner,6310 Wagner Road NW,T6E4N5,7804691315,wpwagner@epsb.ca,http://wpwagner.epsb.ca,Senior,,,FALSE,FALSE,53.4993266,-113.4494627,Public
7193,Clara Tyner,9420 Ottewell Road NW,T6B2E2,7804695339,claratyner@epsb.ca,http://claratyner.epsb.ca,Elementary,,,FALSE,FALSE,53.5326154,-113.435817,Public
7264,Daly Grove,1888 37 Street NW,T6L2R2,7804501532,dalygrove@epsb.ca,http://dalygrove.epsb.ca,Elementary,,,FALSE,FALSE,53.4500991,-113.3990424,Public
7171,Scott Robertson,13515 107 Street NW,T5E4W3,7804753565,srobertson@epsb.ca,http://scottrobertson.epsb.ca,Elementary,,,FALSE,FALSE,53.5957914,-113.5050586,Public
7279,George H. Luck,300 Bulyea Road NW,T6R2L4,7804385011,georgehluck@epsb.ca,http://gluck.epsb.ca,Elementary,,,FALSE,FALSE,53.4734524,-113.5714021,Public
1457,Florence Hallock,16437 87 Street NW,T5Z3X1,7804781410,florencehallock@epsb.ca,http://florencehallock.epsb.ca,Elementary,Junior,,FALSE,FALSE,53.627202,-113.474728,Public
7254,Keheewin,1910 105 Street NW,T6J5J8,7804383874,keheewin@epsb.ca,http://keheewin.epsb.ca,Elementary,,,FALSE,FALSE,53.4485408,-113.5013575,Public
7052,Queen Elizabeth,9425 132 Avenue NW,T5E0Y4,7804768671,queene@epsb.ca,http://queene.epsb.ca,Senior,,,FALSE,FALSE,53.5920697,-113.4877776,Public
1460,Esther Starkman,2717 Terwillegar Way NW,T6R0G5,7804392717,estherstarkman@epsb.ca,http://estherstarkman.epsb.ca,Elementary,Junior,,FALSE,FALSE,53.4449511,-113.5735076,Public
7168,Riverdale,8901 101 Avenue NW,T5H0B1,7804257600,riverdale@epsb.ca,http://riverdale.epsb.ca,Elementary,,,FALSE,FALSE,53.5437065,-113.4683927,Public
7505,Donnan,7803 87 Street NW,T6C3G6,7804668573,donnan@epsb.ca,http://donnan.epsb.ca,Elementary,Junior,,FALSE,FALSE,53.5142314,-113.4613187,Public
7205,Glendale,9812 161 Street NW,T5P3H4,7804894300,glendale@epsb.ca,http://glendale.epsb.ca,Elementary,,,FALSE,FALSE,53.5363784,-113.5991292,Public
7527,Oliver,10227 118 Street NW,T5K2V4,7804881221,oliver@epsb.ca,http://oliver.epsb.ca,Elementary,Junior,,FALSE,FALSE,53.5434668,-113.5249435,Public
,Centre for Education,1 Kingsway NW,T5H4G9,7804298000,info@epsb.ca,http://epsb.ca,Administration,,,FALSE,FALSE,53.55505,-113.49628,Public
7565,Ellerslie Campus,521 66 Street SW,T6X1A3,7809885556,ellerslie@epsb.ca,http://ellerslie.epsb.ca,Elementary,Junior,,FALSE,FALSE,53.4256539,-113.4426902,Public
7169,R. J. Scott,11610 38 Street NW,T5W2H1,7804772897,rjscott@epsb.ca,http://abbott.epsb.ca,Elementary,,,FALSE,FALSE,53.5694109,-113.399973,Public
7512,Hardisty,10534 62 Street NW,T6A2M3,7804690426,hardisty@epsb.ca,http://hardisty.epsb.ca,Elementary,Junior,,FALSE,FALSE,53.5482471,-113.4282103,Public
7509,Garneau,10925 87 Avenue NW,T6G0X4,7804331390,garneau@epsb.ca,http://garneau.epsb.ca,Elementary,,,FALSE,FALSE,53.5228714,-113.5127885,Public
7521,John A. McDougall,10930 107 Street NW,T5H2Z4,7804260205,mcdougall@epsb.ca,http://johnamcdougall.epsb.ca,Elementary,,,FALSE,FALSE,53.5552668,-113.5047732,Public
7571,S. Bruce Smith,5545 184 Street NW,T6M2L9,7804444946,sbsmith@epsb.ca,http://sbs.epsb.ca,Junior,,,FALSE,FALSE,53.4912973,-113.6403808,Public
18,Academy at King Edward,8525 101 Street NW,T6E3Z4,7804391368,academy@epsb.ca,http://kingedward.epsb.ca,Elementary,Junior,Senior,FALSE,FALSE,53.5214971,-113.4912456,Public
7212,Sherwood,9550 152 Street NW,T5P0B9,7804892600,sherwood@epsb.ca,http://sherwood.epsb.ca,Elementary,,,FALSE,FALSE,53.5323318,-113.5833298,Public
1344,Lillian Osborne,2019 Leger Road NW,T6R0R9,7803912450,lillianosborne@epsb.ca,http://lillianosborne.epsb.ca,Senior,,,FALSE,FALSE,53.457539,-113.579543,Public
7524,Mount Pleasant,10541 60A Avenue NW,T6H1K4,7804346766,mpleasant@epsb.ca,http://mountpleasant.epsb.ca,Elementary,,,FALSE,FALSE,53.4963063,-113.5009857,Public
7531,Parkview,14313 92 Avenue NW,T5R5B3,7804833415,parkview@epsb.ca,http://parkview.epsb.ca,Elementary,Junior,,FALSE,FALSE,53.527296,-113.5674758,Public
7235,Satoo,8515 17 Avenue NW,T6K2C7,7804625125,satoo@epsb.ca,http://satoo.epsb.ca,Elementary,,,FALSE,FALSE,53.4473056,-113.4596763,Public
7270,Tipaskan,1200 Lakewood Road North NW,T6K4A3,7804625031,tipaskan@epsb.ca,http://tipaskan.epsb.ca,Elementary,,,FALSE,FALSE,53.4633302,-113.4569195,Public
7113,Calder,12950 118 Street NW,T5E5L2,7804544313,calder@epsb.ca,http://calder.epsb.ca,Elementary,,,FALSE,FALSE,53.5893117,-113.5251349,Public
7258,Pollard Meadows,1751 48 Street NW,T6L3J6,7804638680,pollard@epsb.ca,http://pollardmeadows.epsb.ca,Elementary,,,FALSE,FALSE,53.4472709,-113.4131427,Public
7053,Ross Sheppard,13546 111 Avenue NW,T5M2P2,7804485000,rsheppard@epsb.ca,http://shep.epsb.ca,Senior,,,TRUE,FALSE,53.5589749,-113.5581687,Public
7208,Lynnwood,15451 84 Avenue NW,T5R3Y1,7804894500,lynnwood@epsb.ca,http://lynnwood.epsb.ca,Elementary,,,FALSE,FALSE,53.5171284,-113.5874033,Public
7724,Learning Store at Blue Quill,284 Saddleback Road NW,T6J4R7,7804130263,learningstorebluequill@epsb.ca,http://outreach.epsb.ca,Special,,,FALSE,FALSE,53.4612007,-113.5275054,Public
7242,Lorelei,16230 103 Street NW,T5X3A9,7804564488,lorelei@epsb.ca,http://lorelei.epsb.ca,Elementary,,,FALSE,FALSE,53.6231079,-113.5008316,Public
7575,Major General Griesbach,304 Griesbach School Road NW,T5E6R8,7804569482,griesbach@epsb.c,http://majorgeneralgriesbach.epsb.ca,Elementary,Junior,,FALSE,FALSE,53.6049695,-113.495877,Public
7059,Harry Ainlay,4350 111 Street NW,T6J1E8,7804132700,hainlay@epsb.ca,http://ainlay.ca,Senior,,,TRUE,FALSE,53.479376,-113.518188,Public
7220,Grace Martin,8210 36 Avenue NW,T6K0C7,7804627121,gmartin@epsb.ca,http://gmartin.epsb.ca,Elementary,,,FALSE,FALSE,53.4700014,-113.4596365,Public
7567,Horse Hill,19355 Meridian Street NE,T5Y6E5,7804726029,horsehill@epsb.ca,http://horsehill.epsb.ca,Elementary,,,FALSE,FALSE,53.6577088,-113.3442962,Public
7559,Dickinsfield,14320 88A Street NW,T5E6B6,7804764646,dickinsfield@epsb.ca,http://dickinsfield.epsb.ca,Junior,,,TRUE,FALSE,53.6052529,-113.4765424,Public
7241,Steinhauer,10717 32A Avenue NW,T6J4A6,7804371080,steinhauer@epsb.ca,http://steinhauer.epsb.ca,Elementary,,,FALSE,FALSE,53.464688,-113.506579,Public
7238,Sifton,4305 134 Avenue NW,T5A3R5,7804767953,sifton@epsb.ca,http://sifton.epsb.ca,Elementary,,,FALSE,FALSE,53.5947369,-113.4084869,Public
7911,Talmud Torah,6320 172 Street NW,T5T6H1,7804879290,talmudt@epsb.ca,http://talmud.epsb.ca,Elementary,Junior,,FALSE,FALSE,53.4993385,-113.6209867,Public
7239,Kameyosek,250 Lakewood Road East NW,T6K3L4,7804628724,kameyosek@epsb.ca,http://kameyosek.epsb.ca,Elementary,,,FALSE,FALSE,53.4610917,-113.4406663,Public
7075,J. Percy Page,2707 Mill Woods Road NW,T6K4A6,7804623322,jpercypage@epsb.ca,http://jpercypage.epsb.ca,Senior,,,FALSE,FALSE,53.475383,-113.462284,Public
7185,Lendrum,11330 54 Avenue NW,T6H0V7,7804343588,lendrum@epsb.ca,http://lendrum.epsb.ca,Elementary,,,TRUE,FALSE,53.4906344,-113.5240144,Public
7730,Alberta School for the Deaf,6240 113 Street NW,T6H3L2,7804393323,abschdeaf@epsb.ca,http://asd.epsb.ca,Elementary,Junior,Senior,FALSE,FALSE,53.5009217,-113.5234108,Public
7151,Montrose,11931 62 Street NW,T5W4C7,7804712358,montrose@epsb.ca,http://montrose.epsb.ca,Elementary,,,FALSE,FALSE,53.5724416,-113.4368065,Public
7551,Britannia,16018 104 Avenue NW,T5P0S3,7804895300,britannia@epsb.ca,http://britannia.epsb.ca,Junior,,,FALSE,FALSE,53.5464256,-113.5977801,Public
7128,Grandview Heights,6225 127 Street NW,T6H3W8,7804341502,grandview@epsb.ca,http://grandview.epsb.ca,Elementary,Junior,,FALSE,FALSE,53.4993199,-113.5473417,Public
7071,Jasper Place,8950 163 Street NW,T5R2P2,7804089000,jasper@epsb.ca,http://jasperplace.epsb.ca,Junior,Senior,,FALSE,FALSE,53.5260892,-113.602781,Public
7573,John D. Bracco,3150 139 Avenue NW,T5Y2P7,7804751760,jdbracco@epsb.ca,http://johndbracco.epsb.ca,Junior,,,FALSE,FALSE,53.602928,-113.3918427,Public
7263,Crawford Plains,4210 12 Avenue NW,T6L5V6,7804637211,crawfordplains@epsb.ca,http://crawford.epsb.ca,Elementary,,,FALSE,FALSE,53.44031,-113.4059932,Public
7170,Rutherford,8620 91 Street NW,T6C3N2,7804662891,rutherford@epsb.ca,http://rutherford.epsb.ca,Elementary,,,FALSE,FALSE,53.5221101,-113.4674519,Public
7275,Julia Kiniski,4304 41 Avenue NW,T6L5Y6,7804624622,jkiniski@epsb.ca,http://juliakiniski.epsb.ca,Elementary,,,FALSE,FALSE,53.4769706,-113.4067375,Public
7187,Princeton,7720 130 Avenue NW,T5C1Y2,7804762344,princeton@epsb.ca,http://princeton.epsb.ca,Elementary,,,FALSE,FALSE,53.5891755,-113.4591788,Public
7195,McKee,10725 51 Avenue NW,T6H0L3,7804357140,mckee@epsb.ca,http://mckee.epsb.ca,Elementary,,,FALSE,FALSE,53.4881872,-113.5090353,Public
7129,Grovenor,10345 144 Street NW,T5N2V3,7804550832,grovenor@epsb.ca,http://grovenor.epsb.ca,Elementary,,,FALSE,FALSE,53.5456984,-113.56916,Public
7243,Sweet Grass,11351 31 Avenue NW,T6J4T6,7804370367,sweetgrass@epsb.ca,http://sweetgrass.epsb.ca,Elementary,,,FALSE,FALSE,53.4638631,-113.5281877,Public
7544,Westmount,11124 130 Street NW,T5M0J2,7804528350,westmount@epsb.ca,http://westmount.epsb.ca,Junior,,,FALSE,FALSE,53.5593027,-113.5462473,Public
7542,Westglen,10950 127 Street NW,T5M0S7,7804543449,westglen@epsb.ca,http://westglen.epsb.ca,Elementary,,,FALSE,FALSE,53.5554834,-113.5411726,Public
7529,Parkallen,6703 112 Street NW,T6H3J9,7804348503,parkallen@epsb.ca,http://parkallen.epsb.ca,Elementary,,,FALSE,FALSE,53.5038958,-113.5200455,Public
7232,Rideau Park,10605 42 Avenue NW,T6J3Z9,7804370010,rideaupark@epsb.ca,http://rideaupark.epsb.ca,Elementary,,,FALSE,FALSE,53.4787932,-113.5045135,Public
7198,York,13915 61 Street NW,T5A1P3,7804766336,york@epsb.ca,http://york.epsb.ca,Elementary,,,FALSE,FALSE,53.6015289,-113.4355371,Public
17,Centre High,#200 - 10310 102 Avenue NW,T5J5A2,7804256753,centrehigh@epsb.ca,http://centrehigh.epsb.ca,Senior,,,FALSE,FALSE,53.5430077,-113.4975915,Public
7051,Eastglen,11430 68 Street NW,T5B1P1,7804791991,eastglen@epsb.ca,http://eastglen.epsb.ca,Senior,,,FALSE,FALSE,53.5682925,-113.445155,Public
7546,Kenilworth,7005 89 Avenue NW,T6B0N3,7804662104,kenilworth@epsb.ca,http://kenilworth.epsb.ca,Junior,,,TRUE,FALSE,53.5242574,-113.4353483,Public
7931,Meadowlark Christian,9825 158 Street NW,T5P2X4,7804836476,meadowlarkchristian@epsb.ca,http://meadowlarkchristian.epsb.ca,Elementary,Junior,,FALSE,FALSE,53.536518,-113.5937916,Public
325,Transitions at the Y,10211 105 Street NW,T5J1E3,7804295737,transitions.at.y@epsb.ca,http://outreach.epsb.ca,Special,,,FALSE,FALSE,53.543202,-113.501,Public
